captainvinceo2,943e498b-2f8a-3f96-a694-a0d9c67eae1b
eatmykok,9290acb5-b18d-3eb7-b520-698ecd27a17a
faction_556ed06c_398b_4016_9b5c_0ce7abd0aabf,8c9a33d0-5c42-320c-98d3-e7f9b7db54fc
faction_6c5f5405_9f08_4133_9c8c_ce3ee033bdbb,c9d6a8d7-9d76-323e-8bea-386c56863f3a
faction_6caef288_bf46_446a_a99b_29f360fdd5d5,906f56a9-d8b2-3641-a161-e37af5af29fb
faction_7c2d6080_b8c6_44d2_92c6_de68be24ab79,ec70623a-9b0a-3b23-b3df-0ddf30945892
faction_891e3639_c398_44d8_8788_9d0d5c7c64c9,5c6a2baa-1354-39e8-80e8-d297f94b6fea
faction_9ccc2647_a008_42a9_a6a6_e804975662ef,9e1fc351-6ac5-3cb2-aaa2-77e048485bdb
faction_b1fbcb27_ec9c_4fc3_9b5d_b0d73a63e3fd,ed892476-dd70-32f7-910a-19976c318627
faction_warzone,d718f377-082e-3f3c-baf6-7fba6a29b7af
gravityfields,a1cf3442-fd13-355e-89c8-24eeba0ad189
gurgatory,8024c6b0-3f44-3e98-b2d8-7f76bc514e42
holdenpvp,c936f01e-8407-3dfa-b185-e9496cf92cb4
infamousz,1c09491f-99cb-3409-a366-79de0f546433
jnieto,9a406721-53fc-3c30-8be3-4f47ab98270b
malefic,af81dbd4-edd2-314c-a704-e45112edcf0c
niften,9d2a2086-e2c8-3f0b-b1f7-d74abf46d124
singingsteve,e5398592-069d-39d1-b0c5-a9e3764582fe
snazzypuma,f0ef4d7f-3d25-3c73-b8c4-03de78b3120b
spawnskype,6358ffb9-a0c4-31da-94b7-ce1499b8d64f
tuh_,14f5a62f-e900-396d-ae20-87a32c4bd43c
xmilkymysteryx,51b57811-2059-32b2-bc99-df802a370a22
